,sum_sq,df,F,PR(>F)
C(Layer),0.010637978839069192,8.0,5.634717434609799,0.00011690628095155874
Residual,0.008495706365287578,36.0,,
