,sum_sq,df,F,PR(>F)
C(Layer),0.021763964345771852,4.0,27.793234866162557,6.43354290409749e-08
Residual,0.003915334873859688,20.0,,
