,sum_sq,df,F,PR(>F)
C(Layer),0.06071769187433053,24.0,13.188217740753899,2.282643339646607e-21
Residual,0.019183060803426532,100.0,,
