,sum_sq,df,F,PR(>F)
C(Layer),0.45893893670746283,9.0,343.9048537930264,5.57234257710037e-35
Residual,0.0059310840922771665,40.0,,
