,sum_sq,df,F,PR(>F)
C(Layer),0.032856205048374804,24.0,6.896045769209081,1.6572230456149508e-12
Residual,0.019852080300785144,100.0,,
