Layer,GDV
0,-0.3182902851228706
1,-0.5688265496438298
2,-0.5184468195118529
3,-0.532153219112242
4,-0.5364003822197352
5,-0.5327747420977604
6,-0.5422643155166458
