,sum_sq,df,F,PR(>F)
C(Layer),0.024223198288775467,20.0,6.304659558208291,6.759955705045545e-10
Residual,0.016136863834368485,84.0,,
