,sum_sq,df,F,PR(>F)
C(Layer),0.47038235985558013,30.0,27.25048093139496,2.5597434583949903e-41
Residual,0.07134725777126084,124.0,,
