,sum_sq,df,F,PR(>F)
C(Layer),0.1149132191759851,30.0,20.411219456465442,5.878115162000892e-35
Residual,0.023270272522119488,124.0,,
