,sum_sq,df,F,PR(>F)
C(Layer),0.024586088688905296,20.0,8.50929883477685,5.822960620125504e-13
Residual,0.012135144680943646,84.0,,
