,sum_sq,df,F,PR(>F)
C(Layer),0.4567339120123812,10.0,245.1607583085869,3.6574354579497857e-35
Residual,0.008197189577644119,44.0,,
