Layer,Activations Shape,Accuracy,F1 Score
0,"torch.Size([5428, 68, 1024])",0.5902394106813996,0.5899107455242144
1,"torch.Size([5428, 68, 1024])",0.509208103130755,0.5091943704606505
2,"torch.Size([5428, 68, 1024])",0.5257826887661142,0.5256439072306435
