Layer,Activations Shape,Accuracy,F1 Score
0,"torch.Size([5428, 71, 768])",0.6740331491712708,0.6739833957309561
1,"torch.Size([5428, 71, 768])",0.5773480662983426,0.5773534417849348
2,"torch.Size([5428, 71, 768])",0.6003683241252302,0.6003615472151634
4,"torch.Size([5428, 71, 768])",0.5773480662983426,0.5773534417849348
5,"torch.Size([5428, 71, 768])",0.5773480662983426,0.5773534417849348
