Layer,Activations Shape,Accuracy,F1 Score
0,"torch.Size([5428, 69, 2048])",0.6335174953959485,0.6333433666728586
1,"torch.Size([5428, 69, 2048])",0.6141804788213628,0.6139471282240516
3,"torch.Size([5428, 69, 2048])",0.6169429097605893,0.6166933484659864
