Layer,Activations Shape,Accuracy,F1 Score
0,"torch.Size([5428, 69, 4096])",0.6675874769797422,0.6670701791725079
1,"torch.Size([5428, 69, 4096])",0.6261510128913443,0.6255962466279771
2,"torch.Size([5428, 69, 4096])",0.6261510128913443,0.6255962466279771
