Layer,Activations Shape,Accuracy,F1 Score
0,"torch.Size([5428, 83, 4096])",0.6427255985267035,0.6426868213855859
1,"torch.Size([5428, 83, 4096])",0.6243093922651933,0.6240646302262558
