Layer,Activations Shape,Accuracy,F1 Score
0,"torch.Size([5428, 71, 4544])",0.6620626151012892,0.6619155780087066
1,"torch.Size([5428, 71, 4544])",0.6307550644567219,0.6306695814518355
