,sum_sq,df,F,PR(>F)
C(Layer),0.4308819722019655,10.0,201.42035959990181,2.5001622610522273e-33
Residual,0.009412557307784553,44.0,,
