,sum_sq,df,F,PR(>F)
C(Layer),0.29444474152334976,30.0,52.43183690677406,8.62999484710775e-57
Residual,0.02321181817694319,124.0,,
